title,total_watch
A Adventure,24018.10000000001
A Quest,23350.699999999997
Mystery Day,19981.20000000001
First Kingdom,19486.500000000004
Our Queen,19464.90000000001
Day Warrior,18945.100000000002
Love Journey,18826.99999999999
Last Mission,17990.800000000003
Princess House,17965.000000000022
Kingdom Dream,17879.850000000013
