subscription_plan,avg_watch_minutes,num_users
Standard,64.38854112777892,3074
Basic,64.25266275290942,1711
Premium,63.73142423888833,3050
Premium+,63.38628475852026,863
