device_type,avg_watch,num_sessions
Mobile,63.55455481214634,9715
Smart TV,65.78307848101316,9875
Laptop,63.61648085062493,9687
Desktop,63.1709499489278,9790
Tablet,64.01840681771826,9798
